"2024-09-09 12:22:43,814",HWReports,INFO,"ONLINE"
"2024-09-09 15:13:23,319",HWReports,INFO,"ONLINE"
"2024-09-09 15:13:23,460",HWReports,DEBUG,"PROCESSING ID-0.71710556-1"
"2024-09-10 08:24:44,325",HWReports,INFO,"ONLINE"
"2024-09-10 08:24:44,388",HWReports,DEBUG,"PROCESSING ID-0.71710556-1"
"2024-09-10 11:23:51,383",HWReports,INFO,"ONLINE"
"2024-09-10 11:23:51,461",HWReports,DEBUG,"PROCESSING ID-0.71710556-1"
"2024-09-10 11:29:44,655",HWReports,INFO,"ONLINE"
"2024-09-10 11:29:44,780",HWReports,DEBUG,"PROCESSING ID-0.71710556-1"
"2024-09-10 11:36:13,393",HWReports,INFO,"ONLINE"
"2024-09-10 11:36:13,518",HWReports,DEBUG,"PROCESSING ID-0.71710556-1"
"2024-09-10 11:52:35,019",HWReports,INFO,"ONLINE"
"2024-09-10 11:52:35,128",HWReports,DEBUG,"PROCESSING ID-0.71710556-1"
"2024-09-10 11:58:33,403",HWReports,INFO,"ONLINE"
"2024-09-10 11:58:33,465",HWReports,DEBUG,"PROCESSING ID-0.71710556-1"
"2024-09-11 11:57:35,655",HWReports,INFO,"ONLINE"
"2024-09-11 11:57:35,780",HWReports,DEBUG,"PROCESSING ID-0.71710556-1"
"2024-09-11 12:09:18,988",HWReports,INFO,"ONLINE"
"2024-09-11 12:09:19,129",HWReports,DEBUG,"PROCESSING ID-0.71710556-1"
"2024-09-11 12:14:23,976",HWReports,INFO,"ONLINE"
"2024-09-11 12:14:24,038",HWReports,DEBUG,"PROCESSING ID-0.71710556-1"
"2024-09-11 12:17:19,608",HWReports,INFO,"ONLINE"
"2024-09-11 12:17:19,671",HWReports,DEBUG,"PROCESSING ID-0.71710556-1"
"2024-09-11 12:22:35,286",HWReports,INFO,"ONLINE"
"2024-09-11 12:22:35,349",HWReports,DEBUG,"PROCESSING ID-0.71710556-1"
"2024-09-11 12:28:48,368",HWReports,INFO,"ONLINE"
"2024-09-11 12:28:48,493",HWReports,DEBUG,"PROCESSING ID-0.71710556-1"
"2024-09-11 12:43:53,928",HWReports,INFO,"ONLINE"
"2024-09-11 12:43:54,053",HWReports,DEBUG,"PROCESSING ID-0.71710556-1"
"2024-09-11 12:45:36,919",HWReports,INFO,"ONLINE"
"2024-09-11 12:45:36,981",HWReports,DEBUG,"PROCESSING ID-0.71710556-1"
"2024-09-13 10:27:24,660",HWReports,INFO,"ONLINE"
"2024-09-13 10:27:24,739",HWReports,DEBUG,"PROCESSING ID-0.71710556-1"
"2024-09-13 10:40:20,096",HWReports,INFO,"ONLINE"
"2024-09-13 10:40:20,221",HWReports,DEBUG,"PROCESSING ID-0.71710556-1"
"2024-09-13 10:46:00,729",HWReports,INFO,"ONLINE"
"2024-09-13 10:46:00,792",HWReports,DEBUG,"PROCESSING ID-0.71710556-1"
"2024-09-13 11:06:43,428",HWReports,INFO,"ONLINE"
"2024-09-13 11:06:43,553",HWReports,DEBUG,"PROCESSING ID-0.71710556-1"
"2024-09-13 11:13:55,896",HWReports,INFO,"ONLINE"
"2024-09-13 11:13:55,943",HWReports,DEBUG,"PROCESSING ID-0.71710556-1"
"2024-09-13 11:19:36,281",HWReports,INFO,"ONLINE"
"2024-09-13 11:19:36,344",HWReports,DEBUG,"PROCESSING ID-0.71710556-1"
"2024-09-13 11:23:03,783",HWReports,INFO,"ONLINE"
"2024-09-13 11:23:03,845",HWReports,DEBUG,"PROCESSING ID-0.71710556-1"
"2024-09-13 11:25:15,921",HWReports,INFO,"ONLINE"
"2024-09-13 11:25:15,983",HWReports,DEBUG,"PROCESSING ID-0.71710556-1"
"2024-09-13 11:31:44,501",HWReports,INFO,"ONLINE"
"2024-09-13 11:31:44,564",HWReports,DEBUG,"PROCESSING ID-0.71710556-1"
"2024-09-13 11:46:30,189",HWReports,INFO,"ONLINE"
"2024-09-13 11:49:54,573",HWReports,INFO,"ONLINE"
